legacy_product_id,legacy_product_title,file,sha256
1109,Extreme Weight Loss-The Definitive Protocol for Vegans/ Vegetarians,legacy-1109-extreme-weight-loss-the-definitive-protocol-for-vegans-vegetarians-01.jpg,83b862f01e6f0dfdf0801ab694d04dbe5dbcd7255e4ed96af9da3fcafa4de3c4
1109,Extreme Weight Loss-The Definitive Protocol for Vegans/ Vegetarians,legacy-1109-extreme-weight-loss-the-definitive-protocol-for-vegans-vegetarians-02.jpg,a881bcd4ffce05438f7f487af1ac2be5e301bab130bc2d52a03ab5ea208caa4f
1132,Gift Card,legacy-1132-gift-card-01.jpg,385e901e1aa7cc8a98382dac27550d9464007b9385fec304401be98d5bf0a1ec
1133,Wellness 911,legacy-1133-wellness-911-01.png,b24383cc8ddc10789a9b67989a3b3d4f305c9c4b197dbddc699f2d162c71ec49
1133,Wellness 911,legacy-1133-wellness-911-02.jpg,b565530ab1e2c3336a661a9c835765453ec7c3a19cfd36edca9137a6fbfbb2bb
1134,Ameo Life Structured Silver,legacy-1134-ameo-life-structured-silver-01.jpg,46c856059d4b984557cc45ccecc987cf64fc0a10db3cb89f5abaf10eaf38840c
1149,Charlotte's Web HEMP-INFUSED BALM 0.5oz,legacy-1149-charlotte-s-web-hemp-infused-balm-0-5oz-01.jpg,b101782f2272af4a0150cf5cf23600d886b7b91c7960f6a7d36319c630ac7271
1150,Charlotte's Web BALM STICK,legacy-1150-charlotte-s-web-balm-stick-01.jpg,e928982fb6d35bfe7b04805a24f54098cc3911a678fb94e60753b1302e246b25
1151,Charlotte's Web COOLING GEL,legacy-1151-charlotte-s-web-cooling-gel-01.jpg,d4dbf985571a0cea57c19201599feeeda0af2f5f50aa7cb9defe717a60cc965b
1167,NAC -N-acetyl-l-cysteine,legacy-1167-nac-n-acetyl-l-cysteine-01.jpg,1779c97d706707f8538c939fa8a55f120ac29c812e8fa93fb98da61fbaa63ad7
1171,Just Thrive Probiotic,legacy-1171-just-thrive-probiotic-01.jpg,117b9962401520bbdacd0385d73b1559801b111f007d728aeb83fe0f66eaaa56
1171,Just Thrive Probiotic,legacy-1171-just-thrive-probiotic-02.jpg,3a38537e18ef8a00936a5f52bc244f7c5d7e93bd09011da1b45defeb90c38277
1171,Just Thrive Probiotic,legacy-1171-just-thrive-probiotic-03.jpg,a74b88fc18cdeac6add89b3a3ce7b20eddc6c6f77d6b2a4e2f858e19aef97b8e
1184,Cofix RX,legacy-1184-cofix-rx-01.png,ffea07f75d4b7a1bdcf396646060bd1c31b678942c60b037288a17e51a3c4d39
1185,Knock Out,legacy-1185-knock-out-01.jpg,a1f86feb0ace1ee21905a9f2e6cb1dfad965e4adeef17a738b871baa526da9d7
1187,Magnisium L Threonate,legacy-1187-magnisium-l-threonate-01.jpg,42334f6383debe04a706cc49dff0de925dcf09dce360168152358de23a56b5ce
1188,CBD SLEEP-30mg,legacy-1188-cbd-sleep-30mg-01.jpg,b6a92694f891ed7e89e92e64730251714ff1f89c3429a2afd78b3bb9ca64ca3d
1188,CBD SLEEP-30mg,legacy-1188-cbd-sleep-30mg-02.jpg,bdf1a059a3ecd3b2b15ffb18b69bd35d2bb71b3c493a2fa02d5518bffa22f783
1189,CBD HAPPY PLACE -30mg,legacy-1189-cbd-happy-place-30mg-01.jpg,df9eb8cc4d8324b8e4d476d56dca770295b32e4dd79f465a4771870dfd1b1179
1189,CBD HAPPY PLACE -30mg,legacy-1189-cbd-happy-place-30mg-02.jpg,de3102d43d167ba1f213a4fbaf241adf5446d91f1dc75c1ba89c9d1a9774171d
1190,CBD INFLA SMOOTHER-30mg,legacy-1190-cbd-infla-smoother-30mg-01.jpg,0f9f9f1b60947e997aeba84a6f6850d4981b03bad4d34a025da0060212b786ab
1190,CBD INFLA SMOOTHER-30mg,legacy-1190-cbd-infla-smoother-30mg-02.jpg,dffafe0e6be27782dd7873d85b2d8d06db1e1180e99dff362c6d4f42b5342a58
1191,CBD CALM 30mg,legacy-1191-cbd-calm-30mg-01.jpg,45d4359f6788712374fc6fff6a5beffd59f4b848cc76a267e82294288f0a9cd7
1191,CBD CALM 30mg,legacy-1191-cbd-calm-30mg-02.jpg,43e8eda52bc5af518a26bfef51f78343cf4608e4d1ef9bfff701e562221457cb
1192,CBD LIQUID 35MG-Choc Mint,legacy-1192-cbd-liquid-35mg-choc-mint-01.jpg,139bdd5f87f976f1d419ae0ace65d88d1fbf2bc26ece77b560de353d4dfac9f7
1193,CBD LIQUID 20MG- Choc Mint,legacy-1193-cbd-liquid-20mg-choc-mint-01.jpg,1851e4d11b1cdff737f560844f0795723fca14ed8c588979f985ddecfc6d916e
1193,CBD LIQUID 20MG- Choc Mint,legacy-1193-cbd-liquid-20mg-choc-mint-02.jpg,00010734473b5fce040d2bef6aa3196cb3d1e934be989719f2ababfaa9e44d0c
1194,CBD ACHE COMFORT 30mg,legacy-1194-cbd-ache-comfort-30mg-01.jpg,8a6c888eeeb9c57a5bf1970371549534fe6ce0f52b5e955c8c325cb40056deef
1194,CBD ACHE COMFORT 30mg,legacy-1194-cbd-ache-comfort-30mg-02.jpg,b6b472e6173a23e126f037b81ca7206fcc8fd59944d2a31c6e4e6be98e60176b
1195,CBD STRESS ADAPT -30MG,legacy-1195-cbd-stress-adapt-30mg-01.jpg,3d1b5bffe44d3b972b45f6044007d06649c627fa67ac831a549a342b8914d739
1195,CBD STRESS ADAPT -30MG,legacy-1195-cbd-stress-adapt-30mg-02.jpg,d14fe835b9922547a8e9665013a17b4c4b261a3845d6ec76731221105119adf4
1196,Thyroid- Vegan,legacy-1196-thyroid-vegan-01.jpg,d358686e440317bcaa7fddfb03fea25f9de784090fef9ea9e047eb04d198511a
1196,Thyroid- Vegan,legacy-1196-thyroid-vegan-02.jpg,5aacd7bc7e7cd4e1eb01c80ee04b395fc3b6a1180d5a463bd71ee5611a505eec
1197,ADRENAL RX-Vegan 60caps,legacy-1197-adrenal-rx-vegan-60caps-01.jpg,006040a990ff71609a42fd7429b9fc50ecb208da8d0d3d46fa9e2b71aa8bde46
1197,ADRENAL RX-Vegan 60caps,legacy-1197-adrenal-rx-vegan-60caps-02.jpg,2f5425dd361889d515d9aec0033f893192545b1876b2e503cd3a72c483166a52
1198,Turmeric Root -60 caps,legacy-1198-turmeric-root-60-caps-01.jpg,3ba489f87c96871238caa72dbd951113ab9c1763936a68675ddbf98ac0ec56b9
1198,Turmeric Root -60 caps,legacy-1198-turmeric-root-60-caps-02.jpg,7372c97e92d5fa81862aff74a1d488b4b734ed309de6a839a96ecbeb36760a13
1199,SLEEP -60 caps,legacy-1199-sleep-60-caps-01.jpg,1882787e7c00a2e01223fcaad11be8aa041a5348293e07d9f087b388561b6d0b
1199,SLEEP -60 caps,legacy-1199-sleep-60-caps-02.jpg,8ff62b894be09de292ed6fa4a79b85d57fb1a31273a9c69430f8397c672db651
1200,Lions Mane-Organic 60caps,legacy-1200-lions-mane-organic-60caps-01.jpg,8bae085740f96ddc8947ef7fefc46943e45fb210a76bcc36023dfc6c2c091447
1200,Lions Mane-Organic 60caps,legacy-1200-lions-mane-organic-60caps-02.jpg,768c9c86ba4665f4b6608e9c2cfc5fc2700022e3919da734a1c53de2e4524e6f
1476073,Sinus Blaster 2oz,legacy-1476073-sinus-blaster-2oz-01.jpg,e21af95af9bc79f847bbc13f6646effced0175924a75e9805075431488032855
1476073,Sinus Blaster 2oz,legacy-1476073-sinus-blaster-2oz-02.jpg,436f244c8f4e3850a3e92a52dd75eea13451ac06fe7a5a40b285131ba2e0728a
1476073,Sinus Blaster 2oz,legacy-1476073-sinus-blaster-2oz-03.jpg,df01f2d9e08bfa9ce5154a6e65318621d3372181cc4b49296937c48e408db692
1476383,Turmeric 60 veg caps,legacy-1476383-turmeric-60-veg-caps-01.jpg,8d90594d384d253e3a720ad1ac709ecea112d9780338065f72ae7e9a5ca8beea
1476383,Turmeric 60 veg caps,legacy-1476383-turmeric-60-veg-caps-02.jpg,8be628d799ffedf5130b388719e132d8ecb864c4e2ea336a5004b30b1314eb64
1476386,Inflacalm - 60 Veggie Caps,legacy-1476386-inflacalm-60-veggie-caps-01.jpg,28dc5893f6d6cdde4bae18508d9e5f68d09d36fdd4cdad47c4ac0a538fdd4c95
1476386,Inflacalm - 60 Veggie Caps,legacy-1476386-inflacalm-60-veggie-caps-02.jpg,060b3da9862ba1f9b33930ee05353b3568b6687576f3367bc906475ac2c1ce0f
1476390,Turmeric Plus Joint Health,legacy-1476390-turmeric-plus-joint-health-01.jpg,d855376e137808a261c2d1fd5aa246c4bff0c1ad2862f5144efbe8a442995fe1
1476390,Turmeric Plus Joint Health,legacy-1476390-turmeric-plus-joint-health-02.jpg,a35d6c6da6512c13b9f641dfe1fecf0556052f9621aa71e45c556419f48af879
1476393,Turmeric Plus Heart w/ CoQ10,legacy-1476393-turmeric-plus-heart-w-coq10-01.jpg,9662453d278be00e5c9f0c1b381d3b09f8aa95ba6935b57f329ffbd8834ca364
1476393,Turmeric Plus Heart w/ CoQ10,legacy-1476393-turmeric-plus-heart-w-coq10-02.jpg,4de9a950c24ac18c6e99390bc8efbe11ea9e66131266f94b9bc17b89ae878b34
1476399,Black Cumin Seed Oil,legacy-1476399-black-cumin-seed-oil-01.jpg,55d4a0b01e5862ee611c9d03369ebd4654a052c3fa4a0f7c6813629a27e7e6d7
1476399,Black Cumin Seed Oil,legacy-1476399-black-cumin-seed-oil-02.jpg,5b4d6133a70179579b13c31f2536800586b99721cf8bc3a64f14c54712557752
1476404,Liver Detox 60 Veg Caps,legacy-1476404-liver-detox-60-veg-caps-01.jpg,fbc0a99d3e51ff1e7c1fc7b34a8d02f76707eb4cf598b42867f6ae194e3fc304
1476404,Liver Detox 60 Veg Caps,legacy-1476404-liver-detox-60-veg-caps-02.jpg,2fe1e2a80d2e27c32be7ae773c7497fd95090605369fb30a528dc383a68b7b73
1476407,Lymph Tonic 2oz,legacy-1476407-lymph-tonic-2oz-01.jpg,aa0ea29609c75472e80d865203d7ee55f284343d5a52305e2da4c0176c391771
1476407,Lymph Tonic 2oz,legacy-1476407-lymph-tonic-2oz-02.jpg,4646bf39c1f1b28681191a94cb384adfb2196c08dde2468436fd4d5233330742
1476413,Parasite- 1 oz Liquid,legacy-1476413-parasite-1-oz-liquid-01.jpg,bbdb824a8fb8b97d9e7ae6856174937721e21449a6ccdc1429f064ba5506037f
1476413,Parasite- 1 oz Liquid,legacy-1476413-parasite-1-oz-liquid-02.jpg,4faa7e598f792fa1e657df6bc7553c21880131d28c14c7156c31738a295a4730
1476413,Parasite- 1 oz Liquid,legacy-1476413-parasite-1-oz-liquid-03.jpg,8d286c3233ea6551681ec6da7ffb6738f39cd3bc90341c60527337edc287ce87
1476413,Parasite- 1 oz Liquid,legacy-1476413-parasite-1-oz-liquid-04.jpg,d3a32408881af5d0d1d67c42650daab719b3d319d744bab6a47ba5068c964cbd
1476546,Colon Clean 90 veg caps,legacy-1476546-colon-clean-90-veg-caps-01.jpg,f7df4b17c4ce35dbd6ce9f58fb9fae253709f28c2116d46ef49369055b8eeff5
1476546,Colon Clean 90 veg caps,legacy-1476546-colon-clean-90-veg-caps-02.jpg,2b1e42abf85311d82e23ca4e5d91d86bf8be33dcd666022a346470c9af875703
1476549,Yeast Buster-1fl oz,legacy-1476549-yeast-buster-1fl-oz-01.jpg,2cbec18cabbe13acdcaad3f6ee988c30e2175b74e37376c25370806c7c89d85a
1476549,Yeast Buster-1fl oz,legacy-1476549-yeast-buster-1fl-oz-02.jpg,600bbe751ad33be0effafcc4ff04a5c14969a3794aa2aeb1b1fb294f22a40d5f
1476552,Stone Breaker 2oz,legacy-1476552-stone-breaker-2oz-01.jpg,590fa51548bec1858ef48eb84138b30570985eaa7234fd6c3f6bde024edd04fe
1476552,Stone Breaker 2oz,legacy-1476552-stone-breaker-2oz-02.jpg,e818a11383c62ab9d8cb8a032f85fa0407be66b8e687117cabf225552d300b96
1476555,Liver Detox 2oz,legacy-1476555-liver-detox-2oz-01.jpg,0587d33aa3e3768ddcd33904e09aa741c7a117e2e6eaf48ec07a5d6b7122ae61
1476555,Liver Detox 2oz,legacy-1476555-liver-detox-2oz-02.jpg,204cd80860a7eb83ae7983b48030044ac8534accfef2a3e7aa78bcaf56908b8a
1477144,Extreme Energy-90cap,legacy-1477144-extreme-energy-90cap-01.jpg,4b64d4a8d4f5b88626e871201b84fc34f43dcd32d2d7117e64d9c19750fe76c2
1477144,Extreme Energy-90cap,legacy-1477144-extreme-energy-90cap-02.jpg,dc117013a0019c8322d4f078b369744cec7c1889293d88137a66be33d7da3b01
1477164,SlimcoreX,legacy-1477164-slimcorex-01.jpg,38b0c12244bce84ae8c20160c8fd9314083e2816e0e14a44470201730e0e78ba
1477164,SlimcoreX,legacy-1477164-slimcorex-02.jpg,0f26493a296bca0253f93cc8038300c9376d092bf57d814152f3cdcb991166cd
1477648,Magnesium Breakthrough-30cap,legacy-1477648-magnesium-breakthrough-30cap-01.webp,e2e3d27d9248a896b3f14812758d3d05accf0b6657f98b1f55e31427506657dc
1478717,ZeoCharge™ Supercharged Zeolite,legacy-1478717-zeocharge-supercharged-zeolite-01.jpg,cb0d0afe07466b45beb2e0425b1cf3b8db903f3f77bf5e0407df52a6f150a2e4
